Time;CH 1 Channel 1
0.003997020;1
0.003999820;0
0.003999920;1
0.004000020;0
0.004000120;1
0.004000220;0
0.004000320;1
0.004000420;0
0.004000520;1
0.004000620;0
0.004000720;1
0.004000820;0
0.004000920;1
0.004001020;0
0.004001120;1
0.004001220;0
0.004001320;1
0.004001420;0
0.004001520;1
0.004001620;0
0.004001720;1
0.004001820;0
0.004001920;1
0.004002020;0
0.004002120;1
0.004002220;0
0.004002320;1
0.004002420;0
0.004002520;1
0.004002620;0
0.004002720;1
0.004002820;0
0.004002920;1
0.004003020;0
0.004003120;1
0.004003220;0
0.004003320;1
0.004003420;0
0.004003520;1
0.004003620;0
0.004003720;1
0.004003820;0
0.004003920;1
0.004004020;0
0.004004120;1
0.004004220;0
0.004004320;1
0.004004420;0
0.004004520;1
0.004004620;0
0.004004720;1
0.004004820;0
0.004004920;1
0.004005020;0
0.004005120;1
0.004005220;0
0.004005320;1
0.004005420;0
0.004005520;1
0.004005620;0
0.004005720;1
0.004005820;0
0.004005920;1
0.004006020;0
0.004006060;1
0.004006120;0
0.004006160;1
0.004006220;0
0.004006260;1
0.004006320;0
0.004006360;1
0.004006420;0
0.004006460;1
0.004006520;0
0.004006560;1
0.004006620;0
0.004006660;1
0.004006720;0
0.004006760;1
0.004006820;0
0.004006860;1
0.004006920;0
0.004006960;1
0.004007020;0
0.004007060;1
0.004007120;0
0.004007160;1
0.004007220;0
0.004007260;1
0.004007320;0
0.004007360;1
0.004007420;0
0.004007460;1
0.004007520;0
0.004007560;1
0.004007620;0
0.004007660;1
0.004007720;0
0.004007760;1
0.004007820;0
0.004007860;1
0.004007920;0
0.004007960;1
0.004008020;0
0.004008060;1
0.004008120;0
0.004008160;1
0.004008220;0
0.004008260;1
0.004008320;0
0.004008360;1
0.004008420;0
0.004008460;1
0.004008520;0
0.004008560;1
0.004008620;0
0.004008660;1
0.004008720;0
0.004008760;1
0.004008820;0
0.004008860;1
0.004008920;0
0.004008960;1
0.004009020;0
0.004009060;1
0.004009120;0
0.004009160;1
0.004009220;0
0.004009260;1
0.004009320;0
0.004009360;1
0.004009420;0
0.004009460;1
0.004009520;0
0.004009560;1
0.004009620;0
0.004009660;1
0.004009720;0
0.004009760;1
0.004009820;0
0.004009860;1
0.004009920;0
0.004009960;1
0.004010020;0
0.004010060;1
0.004010120;0
0.004010160;1
0.004010220;0
0.004010260;1
0.004010320;0
0.004010360;1
0.004010420;0
0.004010460;1
0.004010520;0
0.004010560;1
0.004010620;0
0.004010660;1
0.004010720;0
0.004010760;1
0.004010820;0
0.004010860;1
0.004010920;0
0.004011020;1
0.004011080;0
0.004011120;1
0.004011180;0
0.004011220;1
0.004011280;0
0.004011320;1
0.004011420;0
0.004011520;1
0.004011580;0
0.004011620;1
0.004011680;0
0.004011720;1
0.004011780;0
0.004011820;1
0.004011920;0
0.004012020;1
0.004012080;0
0.004012120;1
0.004012180;0
0.004012220;1
0.004012280;0
0.004012320;1
0.004012380;0
0.004012420;1
0.004012520;0
0.004012620;1
0.004012720;0
0.004012760;1
0.004012820;0
0.004012920;1
0.004012980;0
0.004013020;1
0.004013080;0
0.004013120;1
0.004013180;0
0.004013220;1
0.004013320;0
0.004013420;1
0.004013480;0
0.004013520;1
0.004013580;0
0.004013620;1
0.004013720;0
0.004013760;1
0.004013820;0
0.004013920;1
0.004013980;0
0.004014020;1
0.004014080;0
0.004014120;1
0.004014180;0
0.004014220;1
0.004014320;0
0.004014420;1
0.004014520;0
0.004014620;1
0.004014720;0
0.004014760;1
0.004014820;0
0.004014860;1
0.004014920;0
0.004015020;1
0.004015080;0
0.004015120;1
0.004015180;0
0.004015220;1
0.004015320;0
0.004015420;1
0.004015480;0
0.004015520;1
0.004015580;0
0.004015620;1
0.004015680;0
0.004015720;1
0.004015780;0
0.004015820;1
0.004015880;0
0.004015920;1
0.004015980;0
0.004016020;1
0.004016120;0
0.004016220;1
0.004016280;0
0.004016320;1
0.004016380;0
0.004016420;1
0.004016520;0
0.004016560;1
0.004016620;0
0.004016720;1
0.004016820;0
0.004016920;1
0.004017020;0
0.004017060;1
0.004017120;0
0.004017220;1
0.004017320;0
0.004017420;1
0.004017480;0
0.004017520;1
0.004017580;0
0.004017620;1
0.004017720;0
0.004017820;1
0.004017880;0
0.004017920;1
0.004018020;0
0.004018120;1
0.004018220;0
0.004018320;1
0.004018420;0
0.004018520;1
0.004018580;0
0.004018620;1
0.004018680;0
0.004018720;1
0.004018820;0
0.004018920;1
0.004018980;0
0.004019020;1
0.004019080;0
0.004019120;1
0.004019220;0
0.004019260;1
0.004019320;0
0.004019420;1
0.004019480;0
0.004019520;1
0.004019620;0
0.004019720;1
0.004019780;0
0.004019820;1
0.004019880;0
0.004019920;1
0.004020020;0
0.004020060;1
0.004020120;0
0.004020220;1
0.004020280;0
0.004020320;1
0.004020420;0
0.004020520;1
0.004020620;0
0.004020660;1
0.004020720;0
0.004020760;1
0.004020820;0
0.004020860;1
0.004020920;0
0.004021020;1
0.004021080;0
0.004021120;1
0.004021220;0
0.004021320;1
0.004021380;0
0.004021420;1
0.004021480;0
0.004021520;1
0.004021580;0
0.004021620;1
0.004021680;0
0.004021720;1
0.004021780;0
0.004021820;1
0.004021920;0
0.004022020;1
0.004022080;0
0.004022120;1
0.004022180;0
0.004022220;1
0.004022280;0
0.004022320;1
0.004022380;0
0.004022420;1
0.004022480;0
0.004022520;1
0.004022620;0
0.004022660;1
0.004022720;0
0.004022820;1
0.004022880;0
0.004022920;1
0.004022980;0
0.004023020;1
0.004023080;0
0.004023120;1
0.004023180;0
0.004023220;1
0.004023280;0
0.004023320;1
0.004023420;0
0.004023460;1
0.004023520;0
0.004023620;1
0.004023680;0
0.004023720;1
0.004023780;0
0.004023820;1
0.004023880;0
0.004023920;1
0.004023980;0
0.004024020;1
0.004024080;0
0.004024120;1
0.004024220;0
0.004024260;1
0.004024320;0
0.004024420;1
0.004024480;0
0.004024520;1
0.004024580;0
0.004024620;1
0.004024680;0
0.004024720;1
0.004024780;0
0.004024820;1
0.004024880;0
0.004024920;1
0.004024980;0
0.004025020;1
0.004025120;0
0.004025220;1
0.004025280;0
0.004025320;1
0.004025380;0
0.004025420;1
0.004025480;0
0.004025520;1
0.004025580;0
0.004025620;1
0.004025680;0
0.004025720;1
0.004025820;0
0.004025860;1
0.004025920;0
0.004026020;1
0.004026080;0
0.004026120;1
0.004026180;0
0.004026220;1
0.004026280;0
0.004026320;1
0.004026380;0
0.004026420;1
0.004026480;0
0.004026520;1
0.004026620;0
0.004026660;1
0.004026720;0
0.004026820;1
0.004026880;0
0.004026920;1
0.004026980;0
0.004027020;1
0.004027080;0
0.004027120;1
0.004027180;0
0.004027220;1
0.004027280;0
0.004027320;1
0.004027420;0
0.004027460;1
0.004027520;0
0.004027620;1
0.004027680;0
0.004027720;1
0.004027780;0
0.004027820;1
0.004027880;0
0.004027920;1
0.004027980;0
0.004028020;1
0.004028080;0
0.004028120;1
0.004028220;0
0.004028260;1
0.004028320;0
0.004028420;1
0.004028480;0
0.004028520;1
0.004028580;0
0.004028620;1
0.004028680;0
0.004028720;1
0.004028780;0
0.004028820;1
0.004028880;0
0.004028920;1
0.004029020;0
0.004029060;1
0.004029120;0
0.004029220;1
0.004029280;0
0.004029320;1
0.004029380;0
0.004029420;1
0.004029480;0
0.004029520;1
0.004029580;0
0.004029620;1
0.004029680;0
0.004029720;1
0.004029820;0
0.004029860;1
0.004029920;0
0.004030020;1
0.004030080;0
0.004030120;1
0.004030180;0
0.004030220;1
0.004030280;0
0.004030320;1
0.004030380;0
0.004030420;1
0.004030480;0
0.004030520;1
0.004030620;0
0.004030660;1
0.004030720;0
0.004030820;1
0.004030880;0
0.004030920;1
0.004030980;0
0.004031020;1
0.004031080;0
0.004031120;1
0.004031180;0
0.004031220;1
0.004031280;0
0.004031320;1
0.004031420;0
0.004031460;1
0.004031520;0
0.004031620;1
0.004031680;0
0.004031720;1
0.004031780;0
0.004031820;1
0.004031880;0
0.004031920;1
0.004031980;0
0.004032020;1
0.004032080;0
0.004032120;1
0.004032180;0
0.004032220;1
0.004032320;0
0.004032420;1
0.004032480;0
0.004032520;1
0.004032580;0
0.004032620;1
0.004032680;0
0.004032720;1
0.004032780;0
0.004032820;1
0.004032880;0
0.004032920;1
0.004033020;0
0.004033060;1
0.004033120;0
0.004033220;1
0.004033280;0
0.004033320;1
0.004033380;0
0.004033420;1
0.004033480;0
0.004033520;1
0.004033580;0
0.004033620;1
0.004033680;0
0.004033720;1
0.004033820;0
0.004033860;1
0.004033920;0
0.004034020;1
0.004034080;0
0.004034120;1
0.004034180;0
0.004034220;1
0.004034280;0
0.004034320;1
0.004034380;0
0.004034420;1
0.004034480;0
0.004034520;1
0.004034580;0
0.004034620;1
0.004034680;0
0.004034720;1
0.004034780;0
0.004034820;1
0.004034880;0
0.004034920;1
0.004034980;0
0.004035020;1
0.004035080;0
0.004035120;1
0.004035180;0
0.004035220;1
0.004035280;0
0.004035320;1
0.004035380;0
0.004035420;1
0.004035480;0
0.004035520;1
0.004035580;0
0.004035620;1
0.004035680;0
0.004035720;1
0.004035780;0
0.004035820;1
0.004035880;0
0.004035920;1
0.004035980;0
0.004036020;1
0.004036080;0
0.004036120;1
0.004036180;0
0.004036220;1
0.004036280;0
0.004036320;1
0.004036380;0
0.004036420;1
0.004036480;0
0.004036520;1
0.004036580;0
0.004036620;1
0.004036680;0
0.004036720;1
0.004036780;0
0.004036820;1
0.004036880;0
0.004036920;1
0.004036980;0
0.004037020;1
0.004037080;0
0.004037120;1
0.004037180;0
0.004037220;1
0.004037280;0
0.004037320;1
0.004037380;0
0.004037420;1
0.004037480;0
0.004037520;1
0.004037580;0
0.004037620;1
0.004037680;0
0.004037720;1
0.004037780;0
0.004037820;1
0.004037880;0
0.004037920;1
0.004037980;0
0.004038020;1
0.004038080;0
0.004038120;1
0.004038180;0
0.004038220;1
0.004038280;0
0.004038320;1
0.004038380;0
0.004038420;1
0.004038480;0
0.004038520;1
0.004038580;0
0.004038620;1
0.004038680;0
0.004038720;1
0.004038780;0
0.004038820;1
0.004038880;0
0.004038920;1
0.004038980;0
0.004039020;1
0.004039080;0
0.004039120;1
0.004039180;0
0.004039220;1
0.004039280;0
0.004039320;1
0.004039380;0
0.004039420;1
0.004039480;0
0.004039520;1
0.004039580;0
0.004039620;1
0.004039680;0
0.004039720;1
0.004039780;0
0.004039820;1
0.004039880;0
0.004039920;1
0.004039980;0
0.004040020;1
0.004040080;0
0.004040120;1
0.004040180;0
0.004040220;1
0.004040280;0
0.004040320;1
0.004040380;0
0.004040420;1
0.004040480;0
0.004040520;1
0.004040580;0
0.004040620;1
0.004040680;0
0.004040720;1
0.004040780;0
0.004040820;1
0.004040880;0
0.004040920;1
0.004040980;0
0.004041020;1
0.004041080;0
0.004041120;1
0.004041180;0
0.004041220;1
0.004041280;0
0.004041320;1
0.004041380;0
0.004041420;1
0.004041480;0
0.004041520;1
0.004041580;0
0.004041620;1
0.004041680;0
0.004041720;1
0.004041780;0
0.004041820;1
0.004041880;0
0.004041920;1
0.004041980;0
0.004042020;1
0.004042080;0
0.004042120;1
0.004042180;0
0.004042220;1
0.004042280;0
0.004042320;1
0.004042380;0
0.004042420;1
0.004042480;0
0.004042520;1
0.004042580;0
0.004042620;1
0.004042680;0
0.004042720;1
0.004042780;0
0.004042820;1
0.004042880;0
0.004042920;1
0.004042980;0
0.004043020;1
0.004043080;0
0.004043120;1
0.004043180;0
0.004043220;1
0.004043280;0
0.004043320;1
0.004043380;0
0.004043420;1
0.004043480;0
0.004043520;1
0.004043580;0
0.004043620;1
0.004043680;0
0.004043720;1
0.004043780;0
0.004043820;1
0.004043880;0
0.004043920;1
0.004043980;0
0.004044020;1
0.004044080;0
0.004044120;1
0.004044180;0
0.004044220;1
0.004044280;0
0.004044320;1
0.004044380;0
0.004044420;1
0.004044480;0
0.004044520;1
0.004044580;0
0.004044620;1
0.004044680;0
0.004044720;1
0.004044780;0
0.004044820;1
0.004044880;0
0.004044920;1
0.004044980;0
0.004045020;1
0.004045080;0
0.004045120;1
0.004045180;0
0.004045220;1
0.004045280;0
0.004045320;1
0.004045380;0
0.004045420;1
0.004045480;0
0.004045520;1
0.004045580;0
0.004045620;1
0.004045680;0
0.004045720;1
0.004045780;0
0.004045820;1
0.004045880;0
0.004045920;1
0.004045980;0
0.004046020;1
0.004046080;0
0.004046120;1
0.004046180;0
0.004046220;1
0.004046280;0
0.004046320;1
0.004046380;0
0.004046420;1
0.004046480;0
0.004046520;1
0.004046580;0
0.004046620;1
0.004046680;0
0.004046720;1
0.004046780;0
0.004046820;1
0.004046880;0
0.004046920;1
0.004046980;0
0.004047020;1
0.004047080;0
0.004047120;1
0.004047180;0
0.004047220;1
0.004047280;0
0.004047320;1
0.004047380;0
0.004047420;1
0.004047480;0
0.004047520;1
0.004047580;0
0.004047620;1
0.004047680;0
0.004047720;1
0.004047780;0
0.004047820;1
0.004047880;0
0.004047920;1
0.004047980;0
0.004048020;1
0.004048080;0
0.004048120;1
0.004048180;0
0.004048220;1
0.004048280;0
0.004048320;1
0.004048380;0
0.004048420;1
0.004048480;0
0.004048520;1
0.004048580;0
0.004048620;1
0.004048680;0
0.004048720;1
0.004048780;0
0.004048820;1
0.004048880;0
0.004048920;1
0.004048980;0
0.004049020;1
0.004049080;0
0.004049120;1
0.004049180;0
0.004049220;1
0.004049280;0
0.004049320;1
0.004049380;0
0.004049420;1
0.004049480;0
0.004049520;1
0.004049580;0
0.004049620;1
0.004049680;0
0.004049720;1
0.004049780;0
0.004049820;1
0.004049880;0
0.004049920;1
0.004049980;0
0.004050020;1
0.004050080;0
0.004050120;1
0.004050180;0
0.004050220;1
0.004050280;0
0.004050320;1
0.004050380;0
0.004050420;1
0.004050480;0
0.004050520;1
0.004050580;0
0.004050620;1
0.004050680;0
0.004050720;1
0.004050780;0
0.004050820;1
0.004050880;0
0.004050920;1
0.004050980;0
0.004051020;1
0.004051080;0
0.004051120;1
0.004051180;0
0.004051220;1
0.004051280;0
0.004051320;1
0.004051380;0
0.004051420;1
0.004051480;0
0.004051520;1
0.004051580;0
0.004051620;1
0.004051680;0
0.004051720;1
0.004051780;0
0.004051820;1
0.004051880;0
0.004051920;1
0.004051980;0
0.004052020;1
0.004052080;0
0.004052120;1
0.004052180;0
0.004052220;1
0.004052280;0
0.004052320;1
0.004052380;0
0.004052420;1
0.004052480;0
0.004052520;1
0.004052580;0
0.004052620;1
0.004052680;0
0.004052720;1
0.004052780;0
0.004052820;1
0.004052880;0
0.004052920;1
0.004052980;0
0.004053020;1
0.004053080;0
0.004053120;1
0.004053180;0
0.004053220;1
0.004053280;0
0.004053320;1
0.004053380;0
0.004053420;1
0.004053480;0
0.004053520;1
0.004053580;0
0.004053620;1
0.004053680;0
0.004053720;1
0.004053780;0
0.004053820;1
0.004053880;0
0.004053920;1
0.004053980;0
0.004054020;1
0.004054080;0
0.004054120;1
0.004054180;0
0.004054220;1
0.004054280;0
0.004054320;1
0.004054380;0
0.004054420;1
0.004054480;0
0.004054520;1
0.004054580;0
0.004054620;1
0.004054680;0
0.004054720;1
0.004054780;0
0.004054820;1
0.004054880;0
0.004054920;1
0.004054980;0
0.004055020;1
0.004055080;0
0.004055120;1
0.004055180;0
0.004055220;1
0.004055320;0
0.004055360;1
0.004055420;0
0.004055520;1
0.004055580;0
0.004055620;1
0.004055680;0
0.004055720;1
0.004055780;0
0.004055820;1
0.004055880;0
0.004055920;1
0.004055980;0
0.004056020;1
0.004056120;0
0.004056220;1
0.004056320;0
0.004056360;1
0.004056420;0
0.004056520;1
0.004056580;0
0.004056620;1
0.004056720;0
0.004056820;1
0.004056880;0
0.004056920;1
0.004056980;0
0.004057020;1
0.004057080;0
0.004057120;1
0.004057180;0
0.004057220;1
0.004057280;0
0.004057320;1
0.004057420;0
0.004057460;1
0.004057520;0
0.004057560;1
0.004057620;0
0.004057720;1
0.004057820;0
0.004057920;1
0.004058020;0
0.004058120;1
0.004058180;0
0.004058840;1
0.004061700;1
